Date,State,Confirmed,Recovered,Deaths,Other,Tested
2021-10-01,Andaman and Nicobar Islands,7621,7484,129,0,554312
2021-10-01,Andhra Pradesh,2051133,2025805,14186,0,28350167
2021-10-01,Arunachal Pradesh,54680,53974,277,0,1147645
2021-10-01,Assam,602466,592242,5876,1347,23610882
2021-10-01,Bihar,725961,716258,9661,1,46363965
2021-10-01,Chandigarh,65232,64377,819,0,741146
2021-10-01,Chhattisgarh,1005379,991536,13566,0,13149077
2021-10-01,Delhi,1438900,1413404,25087,0,27737167
2021-10-01,Dadra and Nagar Haveli and Daman and Diu,10673,10638,4,31,72410
2021-10-01,Goa,176515,172360,3317,0,1357968
2021-10-01,Gujarat,825952,815712,10082,0,29395645
2021-10-01,Himachal Pradesh,219244,213871,3663,16,3478166
2021-10-01,Haryana,770890,760738,9874,0,12447764
2021-10-01,Jharkhand,348238,343016,5135,0,14855543
2021-10-01,Jammu and Kashmir,329563,323801,4423,0,14905355
2021-10-01,Karnataka,2976589,2926284,37807,29,47745951
2021-10-01,Kerala,4694692,4526429,25182,529,35421046
2021-10-01,Ladakh,20809,20534,207,0,537474
2021-10-01,Lakshadweep,10361,10267,51,43,254795
2021-10-01,Maharashtra,6553961,6374892,139117,3581,58910564
2021-10-01,Meghalaya,81445,78375,1404,0,1078318
2021-10-01,Manipur,120743,116653,1858,0,1303743
2021-10-01,Madhya Pradesh,792542,781896,10522,0,18610813
2021-10-01,Mizoram,94830,79781,313,0,1097323
2021-10-01,Nagaland,31265,29254,666,998,373717
2021-10-01,Odisha,1026953,1013833,8255,0,20034245
2021-10-01,Punjab,601662,584865,16518,0,14571421
2021-10-01,Puducherry,126431,123800,1840,0,1802120
2021-10-01,Rajasthan,954331,945304,8954,0,14386527
2021-10-01,Sikkim,31482,30161,387,316,249879
2021-10-01,Telangana,666183,657665,3919,0,26425728
2021-10-01,Tamil Nadu,2665386,2612684,35603,0,47147671
2021-10-01,Tripura,84145,83033,810,63,1907164
2021-10-01,India,33789420,33061004,448605,13054,571994990
2021-10-01,Uttar Pradesh,1709835,1686784,22892,0,78764157
2021-10-01,Uttarakhand,343550,329893,7395,6100,7413081
2021-10-01,West Bengal,1569778,1543401,18806,0,18185322
2021-10-02,Andaman and Nicobar Islands,7622,7484,129,0,556135
2021-10-02,Andhra Pradesh,2051998,2027229,14195,0,28400471
2021-10-02,Arunachal Pradesh,54693,54011,277,0,1148853
2021-10-02,Assam,602712,592514,5880,1347,23655410
2021-10-02,Bihar,725965,716260,9661,1,46497471
2021-10-02,Chandigarh,65235,64383,819,0,743257
2021-10-02,Chhattisgarh,1005387,991556,13566,0,13165759
2021-10-02,Delhi,1438933,1413462,25088,0,27805529
2021-10-02,Dadra and Nagar Haveli and Daman and Diu,10673,10638,4,31,72410
2021-10-02,Goa,176594,172463,3317,0,1362664
2021-10-02,Gujarat,825979,815726,10082,0,29458583
2021-10-02,Himachal Pradesh,219333,214093,3665,16,3481976
2021-10-02,Haryana,770904,760746,9874,0,12471968
2021-10-02,Jharkhand,348255,343023,5135,0,14898656
2021-10-02,Jammu and Kashmir,329687,323969,4424,0,14955156
2021-10-02,Karnataka,2977225,2927029,37811,29,47915270
2021-10-02,Kerala,4707909,4540866,25303,529,35517881
2021-10-02,Ladakh,20812,20541,207,0,578704
2021-10-02,Lakshadweep,10361,10267,51,43,255189
2021-10-02,Maharashtra,6556657,6377954,139166,3582,59074660
2021-10-02,Meghalaya,81575,78613,1405,0,1081106
2021-10-02,Manipur,120879,116803,1860,0,1306267
2021-10-02,Madhya Pradesh,792547,781908,10522,0,18666981
2021-10-02,Mizoram,96456,81262,316,0,1105242
2021-10-02,Nagaland,31295,29277,666,1000,375229
2021-10-02,Odisha,1027431,1014412,8262,0,20103496
2021-10-02,Punjab,601698,584898,16520,0,14606979
2021-10-02,Puducherry,126513,123906,1840,0,1807132
2021-10-02,Rajasthan,954337,945316,8954,0,14406026
2021-10-02,Sikkim,31507,30201,388,316,249879
2021-10-02,Telangana,666384,657923,3920,0,26467418
2021-10-02,Tamil Nadu,2666964,2614291,35627,0,47299526
2021-10-02,Tripura,84160,83080,811,63,1910947
2021-10-02,India,33812609,33086942,448847,13057,573260724
2021-10-02,Uttar Pradesh,1709835,1686784,22892,0,78956839
2021-10-02,Uttarakhand,343555,329910,7395,6100,7424435
2021-10-02,West Bengal,1570539,1544144,18815,0,18227349
2021-10-03,Andaman and Nicobar Islands,7623,7485,129,0,557749
2021-10-03,Andhra Pradesh,2052763,2028202,14204,0,28445952
2021-10-03,Arunachal Pradesh,54725,54040,277,0,1149822
2021-10-03,Assam,602905,592838,5881,1347,23685445
2021-10-03,Bihar,725968,716269,9661,1,46589653
2021-10-03,Chandigarh,65237,64384,819,0,745047
2021-10-03,Chhattisgarh,1005402,991582,13566,0,13180433
2021-10-03,Delhi,1438966,1413492,25088,0,27856160
2021-10-03,Dadra and Nagar Haveli and Daman and Diu,10673,10638,4,31,72410
2021-10-03,Goa,176638,172548,3317,0,1365722
2021-10-03,Gujarat,826002,815740,10082,0,29507963
2021-10-03,Himachal Pradesh,219400,214246,3665,17,3484724
2021-10-03,Haryana,770915,760755,9874,0,12487626
2021-10-03,Jharkhand,348264,343031,5135,0,14935686
2021-10-03,Jammu and Kashmir,329789,324164,4424,0,15003238
2021-10-03,Karnataka,2977889,2927740,37819,29,48041656
2021-10-03,Kerala,4720206,4557199,25377,529,35606795
2021-10-03,Ladakh,20822,20563,207,0,539431
2021-10-03,Lakshadweep,10361,10267,51,43,255327
2021-10-03,Maharashtra,6559349,6380670,139206,3584,59222263
2021-10-03,Meghalaya,81747,78793,1407,0,1083948
2021-10-03,Manipur,121046,116922,1862,0,1308516
2021-10-03,Madhya Pradesh,792556,781917,10522,0,18718797
2021-10-03,Mizoram,97732,82585,319,0,1112595
2021-10-03,Nagaland,31312,29314,666,1003,376025
2021-10-03,Odisha,1027959,1015018,8267,0,20172526
2021-10-03,Punjab,601722,584916,16520,0,14635885
2021-10-03,Puducherry,126545,123995,1841,0,1811369
2021-10-03,Rajasthan,954338,945326,8954,0,14417172
2021-10-03,Sikkim,31525,30328,388,316,250659
2021-10-03,Telangana,666546,658170,3921,0,26500246
2021-10-03,Tamil Nadu,2668495,2615873,35650,0,47449936
2021-10-03,Tripura,84169,83104,812,63,1913375
2021-10-03,India,33834253,33113666,449029,13063,574252400
2021-10-03,Uttar Pradesh,1709857,1686804,22894,0,79130216
2021-10-03,Uttarakhand,343567,329920,7395,6100,7436267
2021-10-03,West Bengal,1571240,1544828,18825,0,18263366
2021-10-04,Andaman and Nicobar Islands,7624,7485,129,0,559092
2021-10-04,Andhra Pradesh,2053192,2029231,14208,0,28476467
2021-10-04,Arunachal Pradesh,54752,54061,277,0,1152517
2021-10-04,Assam,603238,593152,5890,1347,23735869
2021-10-04,Bihar,725971,716279,9661,1,46676731
2021-10-04,Chandigarh,65243,64386,819,0,746335
2021-10-04,Chhattisgarh,1005412,991612,13568,0,13202330
2021-10-04,Delhi,1439000,1413514,25088,0,27890198
2021-10-04,Dadra and Nagar Haveli and Daman and Diu,10675,10638,4,31,72410
2021-10-04,Goa,176681,172632,3320,0,1369371
2021-10-04,Gujarat,826016,815762,10082,0,29555142
2021-10-04,Himachal Pradesh,219591,214496,3669,17,3492141
2021-10-04,Haryana,770924,760770,9874,0,12498391
2021-10-04,Jharkhand,348272,343047,5135,0,14935686
2021-10-04,Jammu and Kashmir,329889,324308,4424,0,15044940
2021-10-04,Karnataka,2978286,2928433,37832,29,48120614
2021-10-04,Kerala,4729056,4574206,25526,529,35681666
2021-10-04,Ladakh,20825,20568,207,0,539944
2021-10-04,Lakshadweep,10362,10267,51,43,256108
2021-10-04,Maharashtra,6562514,6386059,139233,3585,59337713
2021-10-04,Meghalaya,81859,78957,1408,0,1085549
2021-10-04,Manipur,121146,117076,1868,0,1310471
2021-10-04,Madhya Pradesh,792570,781925,10522,0,18768790
2021-10-04,Mizoram,98175,83619,326,0,1114124
2021-10-04,Nagaland,31322,29340,666,1003,376831
2021-10-04,Odisha,1028366,1015608,8273,0,20236945
2021-10-04,Punjab,601739,584946,16521,0,14653465
2021-10-04,Puducherry,126587,124091,1842,0,1815201
2021-10-04,Rajasthan,954342,945331,8954,0,14423620
2021-10-04,Sikkim,31537,30383,388,316,250830
2021-10-04,Telangana,666753,658409,3923,0,26543381
2021-10-04,Tamil Nadu,2669962,2617432,35666,0,47598685
2021-10-04,Tripura,84175,83131,812,63,1915909
2021-10-04,India,33851354,33143311,449292,13067,575394042
2021-10-04,Uttar Pradesh,1709873,1686821,22894,0,79266731
2021-10-04,Uttarakhand,343584,329936,7395,6103,7448199
2021-10-04,West Bengal,1571841,1545400,18837,0,18289876
2021-10-05,Andaman and Nicobar Islands,7626,7488,129,0,560925
2021-10-05,Andhra Pradesh,2053863,2030503,14219,0,28517990
2021-10-05,Arunachal Pradesh,54771,54080,277,0,1154526
2021-10-05,Assam,603623,593308,5897,1347,23781920
2021-10-05,Bihar,725973,716283,9661,1,46789083
2021-10-05,Chandigarh,65247,64389,820,0,748634
2021-10-05,Chhattisgarh,1005425,991637,13568,0,13224921
2021-10-05,Delhi,1439027,1413590,25088,0,27945735
2021-10-05,Dadra and Nagar Haveli and Daman and Diu,10675,10638,4,31,72410
2021-10-05,Goa,176767,172698,3322,0,1373627
2021-10-05,Gujarat,826039,815776,10083,0,29614939
2021-10-05,Himachal Pradesh,219746,214657,3672,17,3501015
2021-10-05,Haryana,770938,760780,9875,0,12522979
2021-10-05,Jharkhand,348280,343061,5135,0,15019116
2021-10-05,Jammu and Kashmir,329991,324493,4424,0,15092025
2021-10-05,Karnataka,2978808,2929008,37845,29,48207917
2021-10-05,Kerala,4738791,4588084,25677,529,35774868
2021-10-05,Ladakh,20830,20571,207,0,540840
2021-10-05,Lakshadweep,10363,10267,51,43,256533
2021-10-05,Maharashtra,6564915,6388899,139272,3585,59469053
2021-10-05,Meghalaya,81955,79173,1409,0,1089281
2021-10-05,Manipur,121303,117708,1871,0,1313152
2021-10-05,Madhya Pradesh,792580,781936,10522,0,18830083
2021-10-05,Mizoram,99856,84987,331,0,1123455
2021-10-05,Nagaland,31342,29358,666,1004,377900
2021-10-05,Odisha,1028819,1016165,8276,0,20295168
2021-10-05,Punjab,601752,584966,16525,0,14678042
2021-10-05,Puducherry,126669,124183,1843,0,1820569
2021-10-05,Rajasthan,954343,945337,8954,0,14445120
2021-10-05,Sikkim,31561,30436,388,316,251299
2021-10-05,Telangana,666971,658657,3924,0,26589959
2021-10-05,Tamil Nadu,2671411,2618980,35682,0,47745420
2021-10-05,Tripura,84189,83149,812,63,1919066
2021-10-05,India,33870398,33168072,449568,13071,576803867
2021-10-05,Uttar Pradesh,1709893,1686844,22896,0,79603552
2021-10-05,Uttarakhand,343596,329946,7395,6106,7462839
2021-10-05,West Bengal,1572460,1546037,18848,0,18325212
2021-10-06,Andaman and Nicobar Islands,7627,7488,129,0,562716
2021-10-06,Andhra Pradesh,2054663,2031681,14228,0,28564548
2021-10-06,Arunachal Pradesh,54812,54108,279,0,1156591
2021-10-06,Assam,603923,593775,5903,1347,23826192
2021-10-06,Bihar,725975,716285,9661,1,46919129
2021-10-06,Chandigarh,65252,64391,820,0,750943
2021-10-06,Chhattisgarh,1005440,991662,13568,0,13240189
2021-10-06,Delhi,1439053,1413611,25088,0,28012417
2021-10-06,Dadra and Nagar Haveli and Daman and Diu,10675,10638,4,31,72410
2021-10-06,Goa,176864,172770,3322,0,1378403
2021-10-06,Gujarat,826060,815794,10084,0,29677613
2021-10-06,Himachal Pradesh,219919,214751,3674,17,3508935
2021-10-06,Haryana,770949,760801,9875,0,12545328
2021-10-06,Jharkhand,348287,343069,5135,0,15060379
2021-10-06,Jammu and Kashmir,330118,324627,4426,0,15139495
2021-10-06,Karnataka,2979331,2929629,37854,29,48339815
2021-10-06,Kerala,4751407,4602600,25811,529,35873650
2021-10-06,Ladakh,20831,20574,208,0,541465
2021-10-06,Lakshadweep,10364,10267,51,43,256995
2021-10-06,Maharashtra,6567791,6391662,139362,3586,59619637
2021-10-06,Meghalaya,82068,79346,1412,0,1092795
2021-10-06,Manipur,121462,117810,1875,0,1315733
2021-10-06,Madhya Pradesh,792596,781953,10522,0,18892699
2021-10-06,Mizoram,101327,86213,335,0,1133032
2021-10-06,Nagaland,31373,29390,667,1005,378887
2021-10-06,Odisha,1029412,1016594,8280,0,20366917
2021-10-06,Punjab,601782,584992,16526,0,14710558
2021-10-06,Puducherry,126742,124259,1844,0,1825302
2021-10-06,Rajasthan,954347,945344,8954,0,14464626
2021-10-06,Sikkim,31585,30498,388,316,251731
2021-10-06,Telangana,667158,658827,3925,0,26629120
2021-10-06,Tamil Nadu,2672843,2620499,35707,0,47890758
2021-10-06,Tripura,84201,83172,812,63,1922302
2021-10-06,India,33893003,33192682,449884,13073,578657484
2021-10-06,Uttar Pradesh,1709902,1686857,22896,0,79603552
2021-10-06,Uttarakhand,343618,329953,7396,6106,7478809
2021-10-06,West Bengal,1573246,1546792,18863,0,18362325
2021-10-07,Andaman and Nicobar Islands,7629,7489,129,0,564433
2021-10-07,Andhra Pradesh,2055306,2032520,14236,0,28612576
2021-10-07,Arunachal Pradesh,54844,54146,279,0,1158462
2021-10-07,Assam,604218,594163,5911,1347,23871646
2021-10-07,Bihar,725979,716286,9661,1,47054417
2021-10-07,Chandigarh,65268,64408,820,0,753073
2021-10-07,Chhattisgarh,1005464,991681,13568,0,13259754
2021-10-07,Delhi,1439097,1413626,25088,0,28076496
2021-10-07,Dadra and Nagar Haveli and Daman and Diu,10675,10638,4,31,72410
2021-10-07,Goa,176924,172822,3323,0,1382263
2021-10-07,Gujarat,826080,815816,10085,0,29736931
2021-10-07,Himachal Pradesh,220061,214962,3678,17,3516423
2021-10-07,Haryana,770961,760813,9875,0,12567886
2021-10-07,Jharkhand,348314,343078,5135,0,15096744
2021-10-07,Jammu and Kashmir,330252,324736,4426,0,15191409
2021-10-07,Karnataka,2979773,2930264,37861,29,48462462
2021-10-07,Kerala,4763695,4618408,25952,529,35972962
2021-10-07,Ladakh,20843,20578,208,0,542468
2021-10-07,Lakshadweep,10364,10267,51,43,257294
2021-10-07,Maharashtra,6570472,6394075,139411,3589,59766957
2021-10-07,Meghalaya,82162,79468,1413,0,1096520
2021-10-07,Manipur,121578,117950,1876,0,1318415
2021-10-07,Madhya Pradesh,792600,781964,10522,0,18947904
2021-10-07,Mizoram,102629,87148,342,0,1142781
2021-10-07,Nagaland,31397,29411,668,1005,379801
2021-10-07,Odisha,1029994,1017116,8287,0,20443634
2021-10-07,Punjab,601805,585020,16526,0,14744319
2021-10-07,Puducherry,126806,124307,1844,0,1830548
2021-10-07,Rajasthan,954349,945350,8954,0,14483216
2021-10-07,Sikkim,31603,30532,388,316,252150
2021-10-07,Telangana,667334,659043,3926,0,26666977
2021-10-07,Tamil Nadu,2674233,2621986,35734,0,48036604
2021-10-07,Tripura,84208,83186,812,63,1923980
2021-10-07,India,33914477,33217641,450161,13077,580043190
2021-10-07,Uttar Pradesh,1709917,1686869,22896,0,79784013
2021-10-07,Uttarakhand,343626,329967,7396,6107,7495348
2021-10-07,West Bengal,1574017,1547548,18876,0,18397463
2021-10-08,Andaman and Nicobar Islands,7629,7490,129,0,565922
2021-10-08,Andhra Pradesh,2055999,2033447,14242,0,28660811
2021-10-08,Arunachal Pradesh,54865,54196,280,0,1160347
2021-10-08,Assam,604536,594506,5916,1347,23915623
2021-10-08,Bihar,725983,716288,9661,1,47195293
2021-10-08,Chandigarh,65273,64410,820,0,754856
2021-10-08,Chhattisgarh,1005485,991705,13569,0,13280360
2021-10-08,Delhi,1439136,1413649,25088,0,28143702
2021-10-08,Dadra and Nagar Haveli and Daman and Diu,10675,10638,4,31,72410
2021-10-08,Goa,176980,172907,3325,0,1386708
2021-10-08,Gujarat,826099,815838,10085,0,29798130
2021-10-08,Himachal Pradesh,220254,215155,3680,17,3524136
2021-10-08,Haryana,770975,760821,9875,0,12582585
2021-10-08,Jharkhand,348334,343087,5135,0,15136951
2021-10-08,Jammu and Kashmir,330352,324827,4426,0,15246990
2021-10-08,Karnataka,2980170,2930867,37866,29,48554234
2021-10-08,Kerala,4774639,4631330,26072,529,36068472
2021-10-08,Ladakh,20848,20580,208,0,543279
2021-10-08,Lakshadweep,10364,10267,51,43,257610
2021-10-08,Maharashtra,6573092,6397018,139470,3593,59914679
2021-10-08,Meghalaya,82283,79542,1415,0,1099364
2021-10-08,Manipur,121706,118141,1882,0,1320833
2021-10-08,Madhya Pradesh,792606,781973,10522,0,19008836
2021-10-08,Mizoram,103709,88358,344,0,1151163
2021-10-08,Nagaland,31410,29445,669,1007,380544
2021-10-08,Odisha,1030518,1017714,8291,0,20510358
2021-10-08,Punjab,601821,585056,16529,0,14772168
2021-10-08,Puducherry,126893,124402,1845,0,1836200
2021-10-08,Rajasthan,954354,945362,8954,0,14492050
2021-10-08,Sikkim,31636,30606,388,316,252823
2021-10-08,Telangana,667535,659263,3927,0,26714442
2021-10-08,Tamil Nadu,2675592,2623459,35754,0,48179959
2021-10-08,Tripura,84220,83203,812,63,1927440
2021-10-08,India,33934345,33240707,450408,13083,581312481
2021-10-08,Uttar Pradesh,1709928,1686887,22896,0,79964351
2021-10-08,Uttarakhand,343645,329976,7396,6107,7510831
2021-10-08,West Bengal,1574801,1548294,18882,0,18435532
2021-10-09,Andaman and Nicobar Islands,7632,7492,129,0,567652
2021-10-09,Andhra Pradesh,2056628,2034244,14250,0,28706629
2021-10-09,Arunachal Pradesh,54881,54316,280,0,1161843
2021-10-09,Assam,604809,594851,5921,1347,23959248
2021-10-09,Bihar,725987,716289,9661,1,47327079
2021-10-09,Chandigarh,65277,64415,820,0,756688
2021-10-09,Chhattisgarh,1005511,991726,13570,0,13302877
2021-10-09,Delhi,1439166,1413701,25088,0,28206152
2021-10-09,Dadra and Nagar Haveli and Daman and Diu,10675,10638,4,31,72410
2021-10-09,Goa,177040,172981,3326,0,1391366
2021-10-09,Gujarat,826123,815855,10086,0,29855430
2021-10-09,Himachal Pradesh,220392,215321,3683,17,3529856
2021-10-09,Haryana,770984,760828,9875,0,12606497
2021-10-09,Jharkhand,348343,343100,5135,0,15186329
2021-10-09,Jammu and Kashmir,330434,324908,4426,0,15297670
2021-10-09,Karnataka,2980621,2932322,37875,29,48674279
2021-10-09,Kerala,4784109,4644211,26173,529,36156782
2021-10-09,Ladakh,20849,20586,208,0,543682
2021-10-09,Lakshadweep,10365,10267,51,44,257892
2021-10-09,Maharashtra,6575578,6399464,139514,3594,60057326
2021-10-09,Meghalaya,82364,79724,1417,0,1102446
2021-10-09,Manipur,121853,118255,1882,0,1323062
2021-10-09,Madhya Pradesh,792614,781984,10523,0,19070160
2021-10-09,Mizoram,104659,89847,345,0,1159050
2021-10-09,Nagaland,31441,29480,671,1013,381278
2021-10-09,Odisha,1031044,1018311,8295,0,20578622
2021-10-09,Punjab,601849,585089,16529,0,14797260
2021-10-09,Puducherry,126977,124494,1846,0,1840885
2021-10-09,Rajasthan,954355,945366,8954,0,14510433
2021-10-09,Sikkim,31654,30671,388,317,253269
2021-10-09,Telangana,667725,659508,3929,0,26756608
2021-10-09,Tamil Nadu,2676936,2624916,35768,0,48323822
2021-10-09,Tripura,84234,83222,813,63,1929423
2021-10-09,India,33952276,33264302,450621,13094,582595693
2021-10-09,Uttar Pradesh,1709928,1686887,22896,0,80136794
2021-10-09,Uttarakhand,343662,329984,7396,6109,7524461
2021-10-09,West Bengal,1575577,1549049,18894,0,18471961
2021-10-10,Andaman and Nicobar Islands,7633,7494,129,0,569082
2021-10-10,Andhra Pradesh,2057252,2035054,14254,0,28744941
2021-10-10,Arunachal Pradesh,54900,54354,280,0,1162649
2021-10-10,Assam,604969,595091,5926,1347,23984148
2021-10-10,Bihar,725996,716300,9661,1,47453772
2021-10-10,Chandigarh,65279,64421,820,0,758417
2021-10-10,Chhattisgarh,1005530,991755,13570,0,13316820
2021-10-10,Delhi,1439195,1413759,25089,0,28265141
2021-10-10,Dadra and Nagar Haveli and Daman and Diu,10675,10638,4,31,72410
2021-10-10,Goa,177113,173074,3329,0,1396558
2021-10-10,Gujarat,826141,815872,10086,0,29900369
2021-10-10,Himachal Pradesh,220479,215429,3688,17,3533078
2021-10-10,Haryana,770993,760845,9875,0,12626075
2021-10-10,Jharkhand,348352,343109,5135,0,15222868
2021-10-10,Jammu and Kashmir,330533,325016,4426,0,15350279
2021-10-10,Karnataka,2981027,2932959,37885,29,48788644
2021-10-10,Kerala,4794800,4656866,26258,529,36238696
2021-10-10,Ladakh,20852,20592,208,0,544261
2021-10-10,Lakshadweep,10365,10267,51,44,257945
2021-10-10,Maharashtra,6577872,6401287,139542,3594,60198173
2021-10-10,Meghalaya,82423,79850,1421,0,1105013
2021-10-10,Manipur,122003,118389,1885,0,1325082
2021-10-10,Madhya Pradesh,792621,781995,10523,0,19130789
2021-10-10,Mizoram,105829,91485,354,0,1165238
2021-10-10,Nagaland,31449,29505,671,1014,381832
2021-10-10,Odisha,1031696,1018749,8302,0,20645265
2021-10-10,Punjab,601876,585111,16531,0,14825875
2021-10-10,Puducherry,127053,124549,1846,0,1845496
2021-10-10,Rajasthan,954359,945368,8954,0,14527434
2021-10-10,Sikkim,31667,30694,388,317,253561
2021-10-10,Telangana,667887,659722,3930,0,26790114
2021-10-10,Tamil Nadu,2678265,2626352,35783,0,48463913
2021-10-10,Tripura,84253,83243,813,63,1932089
2021-10-10,India,33971296,33285885,450814,13095,583631490
2021-10-10,Uttar Pradesh,1709954,1686917,22896,0,80311528
2021-10-10,Uttarakhand,343668,329991,7396,6109,7536187
2021-10-10,West Bengal,1576337,1549783,18905,0,18507359
2021-10-11,Andaman and Nicobar Islands,7634,7495,129,0,570492
2021-10-11,Andhra Pradesh,2057562,2036048,14256,0,28767963
2021-10-11,Arunachal Pradesh,54924,54412,280,0,1164465
2021-10-11,Assam,605239,595314,5931,1347,24030577
2021-10-11,Bihar,725998,716301,9661,1,47561984
2021-10-11,Chandigarh,65280,64423,820,0,760303
2021-10-11,Chhattisgarh,1005554,991788,13570,0,13336047
2021-10-11,Delhi,1439218,1413760,25089,0,28311984
2021-10-11,Dadra and Nagar Haveli and Daman and Diu,10677,10638,4,31,72410
2021-10-11,Goa,177148,173171,3330,0,1400402
2021-10-11,Gujarat,826162,815890,10086,0,29947554
2021-10-11,Himachal Pradesh,220618,215674,3690,17,3539925
2021-10-11,Haryana,771000,760860,9875,0,12639114
2021-10-11,Jharkhand,348365,343117,5135,0,15262954
2021-10-11,Jammu and Kashmir,330586,325111,4426,0,15394415
2021-10-11,Karnataka,2981400,2933570,37895,29,48871497
2021-10-11,Kerala,4801796,4673442,26342,529,36305398
2021-10-11,Ladakh,20853,20599,208,0,544899
2021-10-11,Lakshadweep,10365,10267,51,44,258346
2021-10-11,Maharashtra,6579608,6404320,139578,3595,60303740
2021-10-11,Meghalaya,82487,80012,1423,0,1106422
2021-10-11,Manipur,122108,118516,1885,0,1326876
2021-10-11,Madhya Pradesh,792635,782009,10523,0,19178957
2021-10-11,Mizoram,106136,92822,358,0,1166484
2021-10-11,Nagaland,31473,29529,671,1016,382404
2021-10-11,Odisha,1032144,1019218,8308,0,20709152
2021-10-11,Punjab,601894,585134,16531,0,14841452
2021-10-11,Puducherry,127095,124608,1848,0,1848518
2021-10-11,Rajasthan,954366,945377,8954,0,14533661
2021-10-11,Sikkim,31677,30736,388,318,253775
2021-10-11,Telangana,668070,659942,3932,0,26830468
2021-10-11,Tamil Nadu,2679568,2627780,35796,0,48603749
2021-10-11,Tripura,84257,83260,813,63,1933868
2021-10-11,India,33984480,33312458,450991,13100,585038043
2021-10-11,Uttar Pradesh,1709965,1686928,22895,0,80311528
2021-10-11,Uttarakhand,343675,330007,7396,6110,7546861
2021-10-11,West Bengal,1576943,1550380,18914,0,18533477
2021-10-12,Andaman and Nicobar Islands,7635,7498,129,0,572193
2021-10-12,Andhra Pradesh,2058065,2036865,14268,0,28800809
2021-10-12,Arunachal Pradesh,54942,54426,280,0,1166108
2021-10-12,Assam,605465,595520,5934,1347,24059531
2021-10-12,Bihar,726004,716305,9661,1,47691789
2021-10-12,Chandigarh,65285,64426,820,0,762214
2021-10-12,Chhattisgarh,1005570,991810,13570,0,13356803
2021-10-12,Delhi,1439252,1413798,25089,0,28373078
2021-10-12,Dadra and Nagar Haveli and Daman and Diu,10677,10638,4,31,72410
2021-10-12,Goa,177228,173252,3332,0,1403944
2021-10-12,Gujarat,826184,815909,10086,0,30007434
2021-10-12,Himachal Pradesh,220792,215769,3694,17,3547649
2021-10-12,Haryana,771009,760871,9875,0,12659796
2021-10-12,Jharkhand,348381,343126,5135,0,15301114
2021-10-12,Jammu and Kashmir,330666,325247,4426,0,15442725
2021-10-12,Karnataka,2981732,2934085,37906,29,48950674
2021-10-12,Kerala,4809619,4685932,26448,529,36391429
2021-10-12,Ladakh,20856,20602,208,0,545674
2021-10-12,Lakshadweep,10365,10267,51,44,258688
2021-10-12,Maharashtra,6581677,6407936,139621,3595,60420515
2021-10-12,Meghalaya,82580,80134,1425,0,1109553
2021-10-12,Manipur,122228,118908,1887,0,1329193
2021-10-12,Madhya Pradesh,792647,782015,10523,0,19236687
2021-10-12,Mizoram,107566,93939,363,0,1175906
2021-10-12,Nagaland,31492,29557,673,1015,383352
2021-10-12,Odisha,1032673,1019764,8314,0,20765245
2021-10-12,Punjab,601913,585167,16531,0,14869767
2021-10-12,Puducherry,127151,124686,1848,0,1853055
2021-10-12,Rajasthan,954370,945380,8954,0,14550438
2021-10-12,Sikkim,31698,30767,389,318,254132
2021-10-12,Telangana,668266,660143,3933,0,26874778
2021-10-12,Tamil Nadu,2680857,2629201,35814,0,47826559
2021-10-12,Tripura,84267,83279,813,63,1936652
2021-10-12,India,34000503,33335304,451220,13107,586363442
2021-10-12,Uttar Pradesh,1709985,1686945,22895,0,80605946
2021-10-12,Uttarakhand,343695,330022,7397,6118,7562158
2021-10-12,West Bengal,1577711,1551115,18924,0,18563495
2021-10-13,Andaman and Nicobar Islands,7637,7499,129,0,573798
2021-10-13,Andhra Pradesh,2058582,2037691,14276,0,28839595
2021-10-13,Arunachal Pradesh,54954,54450,280,0,1167546
2021-10-13,Assam,605640,595901,5936,1347,24080184
2021-10-13,Bihar,726008,716311,9661,1,47811767
2021-10-13,Chandigarh,65285,64428,820,0,763768
2021-10-13,Chhattisgarh,1005598,991821,13570,0,13377231
2021-10-13,Delhi,1439283,1413856,25089,0,28438626
2021-10-13,Dadra and Nagar Haveli and Daman and Diu,10678,10639,4,31,72410
2021-10-13,Goa,177288,173303,3333,0,1407727
2021-10-13,Gujarat,826210,815929,10086,0,30068716
2021-10-13,Himachal Pradesh,220931,215837,3695,17,3554399
2021-10-13,Haryana,771019,760881,9875,0,12681723
2021-10-13,Jharkhand,348395,343134,5135,0,15336733
2021-10-13,Jammu and Kashmir,330741,325369,4426,0,15492451
2021-10-13,Karnataka,2982089,2934523,37916,29,49063454
2021-10-13,Kerala,4820698,4695904,26571,529,36481424
2021-10-13,Ladakh,20861,20611,208,0,546670
2021-10-13,Lakshadweep,10365,10268,51,44,258911
2021-10-13,Maharashtra,6583896,6411075,139670,3596,60546572
2021-10-13,Meghalaya,82647,80296,1428,0,1112235
2021-10-13,Manipur,122363,119015,1889,0,1331839
2021-10-13,Madhya Pradesh,792657,782024,10523,0,19298239
2021-10-13,Mizoram,108790,95412,370,0,1184627
2021-10-13,Nagaland,31507,29580,673,1016,384073
2021-10-13,Odisha,1033288,1020168,8321,0,20827920
2021-10-13,Punjab,601938,585183,16532,0,14902458
2021-10-13,Puducherry,127210,124710,1849,0,1857872
2021-10-13,Rajasthan,954374,945384,8954,0,14569813
2021-10-13,Sikkim,31716,30783,390,318,254554
2021-10-13,Telangana,668450,660305,3934,0,26913612
2021-10-13,Tamil Nadu,2682137,2630654,35833,0,48880069
2021-10-13,Tripura,84282,83289,813,63,1938496
2021-10-13,India,34019696,33355115,451469,13110,587664525
2021-10-13,Uttar Pradesh,1709996,1686960,22897,0,80787057
2021-10-13,Uttarakhand,343701,330032,7397,6119,7576643
2021-10-13,West Bengal,1578482,1551890,18935,0,18591682
2021-10-14,Andaman and Nicobar Islands,7640,7501,129,0,575298
2021-10-14,Andhra Pradesh,2059122,2038248,14286,0,28879945
2021-10-14,Arunachal Pradesh,54958,54476,280,0,1168106
2021-10-14,Assam,605847,596263,5938,1347,24093732
2021-10-14,Bihar,726016,716313,9661,1,47929626
2021-10-14,Chandigarh,65295,64443,820,0,765417
2021-10-14,Chhattisgarh,1005614,991841,13570,0,13392793
2021-10-14,Delhi,1439311,1413885,25089,0,28499638
2021-10-14,Dadra and Nagar Haveli and Daman and Diu,10678,10640,4,31,72410
2021-10-14,Goa,177356,173342,3335,0,1411608
2021-10-14,Gujarat,826244,815943,10086,0,30128812
2021-10-14,Himachal Pradesh,221113,216010,3699,17,3560917
2021-10-14,Haryana,771035,760869,10049,0,12703960
2021-10-14,Jharkhand,348406,343141,5135,0,15366399
2021-10-14,Jammu and Kashmir,330834,325473,4426,0,15541140
2021-10-14,Karnataka,2982399,2934870,37922,29,49178421
2021-10-14,Kerala,4829944,4706856,26667,529,36570157
2021-10-14,Ladakh,20867,20615,208,0,547678
2021-10-14,Lakshadweep,10365,10268,51,44,259369
2021-10-14,Maharashtra,6586280,6413418,139705,3597,60683524
2021-10-14,Meghalaya,82734,80411,1431,0,1114965
2021-10-14,Manipur,122432,119099,1889,0,1334619
2021-10-14,Madhya Pradesh,792669,782035,10523,0,19357779
2021-10-14,Mizoram,109818,96744,373,0,1192652
2021-10-14,Nagaland,31516,29597,673,1016,384643
2021-10-14,Odisha,1033809,1020645,8327,0,20892297
2021-10-14,Punjab,601968,585199,16538,0,14932493
2021-10-14,Puducherry,127259,124763,1849,0,1861586
2021-10-14,Rajasthan,954382,945386,8954,0,14579310
2021-10-14,Sikkim,31722,30790,390,318,254744
2021-10-14,Telangana,668618,660512,3935,0,26913612
2021-10-14,Tamil Nadu,2683396,2632092,35853,0,49017492
2021-10-14,Tripura,84288,83294,813,63,1939507
2021-10-14,India,34036684,33374485,451847,13113,588844673
2021-10-14,Uttar Pradesh,1710008,1686976,22897,0,80958784
2021-10-14,Uttarakhand,343729,330036,7397,6121,7591380
2021-10-14,West Bengal,1579012,1552491,18945,0,18609800
2021-10-15,Andaman and Nicobar Islands,7641,7503,129,0,576761
2021-10-15,Andhra Pradesh,2059708,2038960,14295,0,28924891
2021-10-15,Arunachal Pradesh,54964,54501,280,0,1168659
2021-10-15,Assam,605994,596547,5939,1347,24109537
2021-10-15,Bihar,726021,716314,9661,1,48020452
2021-10-15,Chandigarh,65297,64447,820,0,767112
2021-10-15,Chhattisgarh,1005624,991857,13570,0,13401638
2021-10-15,Delhi,1439337,1413921,25089,0,28559291
2021-10-15,Dadra and Nagar Haveli and Daman and Diu,10678,10640,4,31,72410
2021-10-15,Goa,177410,173423,3339,0,1415124
2021-10-15,Gujarat,826258,815960,10086,0,30173663
2021-10-15,Himachal Pradesh,221203,216124,3701,17,3564452
2021-10-15,Haryana,771049,760884,10049,0,12724843
2021-10-15,Jharkhand,348415,343150,5135,0,15394161
2021-10-15,Jammu and Kashmir,330885,325564,4426,0,15587199
2021-10-15,Karnataka,2982869,2935238,37931,29,49272227
2021-10-15,Kerala,4838811,4716728,26734,529,36649711
2021-10-15,Ladakh,20871,20621,208,0,548326
2021-10-15,Lakshadweep,10365,10269,51,44,259488
2021-10-15,Maharashtra,6588429,6415316,139734,3597,60809054
2021-10-15,Meghalaya,82815,80490,1432,0,1117764
2021-10-15,Manipur,122545,119208,1893,0,1337237
2021-10-15,Madhya Pradesh,792675,782046,10523,0,19413024
2021-10-15,Mizoram,110719,97955,376,0,1199597
2021-10-15,Nagaland,31547,29625,674,1020,385309
2021-10-15,Odisha,1034276,1021180,8332,0,20952333
2021-10-15,Punjab,601992,585224,16540,0,14963767
2021-10-15,Puducherry,127296,124836,1849,0,1864842
2021-10-15,Rajasthan,954383,945389,8954,0,14593931
2021-10-15,Sikkim,31739,30841,391,318,254993
2021-10-15,Telangana,668722,660730,3936,0,26965431
2021-10-15,Tamil Nadu,2684641,2633534,35869,0,49153252
2021-10-15,Tripura,84292,83306,813,63,1941213
2021-10-15,India,34052687,33392353,452010,13118,589835258
2021-10-15,Uttar Pradesh,1710014,1686984,22897,0,80958784
2021-10-15,Uttarakhand,343739,330041,7397,6122,7603099
2021-10-15,West Bengal,1579463,1552997,18953,0,18631017
2021-10-16,Andaman and Nicobar Islands,7641,7503,129,0,577703
2021-10-16,Andhra Pradesh,2060040,2039545,14302,0,28954134
2021-10-16,Arunachal Pradesh,54980,54530,280,0,1170170
2021-10-16,Assam,606263,596837,5944,1347,24142328
2021-10-16,Bihar,726021,716316,9661,1,48096766
2021-10-16,Chandigarh,65299,64451,820,0,768645
2021-10-16,Chhattisgarh,1005638,991887,13570,0,13416648
2021-10-16,Delhi,1439358,1413943,25089,0,28608161
2021-10-16,Dadra and Nagar Haveli and Daman and Diu,10678,10640,4,31,72410
2021-10-16,Goa,177462,173510,3342,0,1419312
2021-10-16,Gujarat,826280,815981,10086,0,30245566
2021-10-16,Himachal Pradesh,221306,216288,3703,17,3570492
2021-10-16,Haryana,771061,760898,10049,0,12681723
2021-10-16,Jharkhand,348423,343165,5135,0,15419795
2021-10-16,Jammu and Kashmir,330967,325686,4426,0,15631605
2021-10-16,Karnataka,2983133,2935659,37937,29,49332368
2021-10-16,Kerala,4846766,4728497,26791,529,36729483
2021-10-16,Ladakh,20876,20622,208,0,548883
2021-10-16,Lakshadweep,10365,10270,51,44,259921
2021-10-16,Maharashtra,6589982,6416998,139760,3597,60909998
2021-10-16,Meghalaya,82898,80587,1434,0,1119749
2021-10-16,Manipur,122633,119316,1895,0,1339247
2021-10-16,Madhya Pradesh,792679,782060,10523,0,19453432
2021-10-16,Mizoram,111651,99440,381,0,1206399
2021-10-16,Nagaland,31571,29639,674,1022,385867
2021-10-16,Odisha,1034634,1021742,8335,0,21006042
2021-10-16,Punjab,602008,585248,16541,0,14980391
2021-10-16,Puducherry,127344,124897,1849,0,1868665
2021-10-16,Rajasthan,954388,945390,8954,0,14601452
2021-10-16,Sikkim,31745,30854,391,318,255137
2021-10-16,Telangana,668833,660917,3937,0,26995481
2021-10-16,Tamil Nadu,2685874,2634968,35884,0,49283503
2021-10-16,Tripura,84296,83318,813,63,1941923
2021-10-16,India,34066765,33412139,452156,13124,590935381
2021-10-16,Uttar Pradesh,1710019,1686992,22898,0,81241443
2021-10-16,Uttarakhand,343747,330047,7397,6126,7614498
2021-10-16,West Bengal,1579906,1553498,18963,0,18650035
2021-10-17,Andaman and Nicobar Islands,7642,7505,129,0,579071
2021-10-17,Andhra Pradesh,2060472,2040131,14307,0,28985846
2021-10-17,Arunachal Pradesh,54987,54567,280,0,1171144
2021-10-17,Assam,606468,597082,5950,1347,24161678
2021-10-17,Bihar,726026,716317,9661,1,48215019
2021-10-17,Chandigarh,65302,64457,820,0,770059
2021-10-17,Chhattisgarh,1005654,991901,13570,0,13428330
2021-10-17,Delhi,1439390,1413981,25089,0,28653028
2021-10-17,Dadra and Nagar Haveli and Daman and Diu,10679,10640,4,31,72410
2021-10-17,Goa,177522,173572,3346,0,1423081
2021-10-17,Gujarat,826290,815997,10086,0,30280132
2021-10-17,Himachal Pradesh,221437,216413,3704,17,3574447
2021-10-17,Haryana,771076,760904,10049,0,12755597
2021-10-17,Jharkhand,348430,343173,5135,0,15451794
2021-10-17,Jammu and Kashmir,331062,325793,4426,0,15675779
2021-10-17,Karnataka,2983459,2936039,37941,29,49411110
2021-10-17,Kerala,4854321,4739270,26865,529,36802640
2021-10-17,Ladakh,20878,20634,208,0,549477
2021-10-17,Lakshadweep,10365,10270,51,44,260003
2021-10-17,Maharashtra,6591697,6419678,139789,3599,61020463
2021-10-17,Meghalaya,82953,80673,1435,0,1119804
2021-10-17,Manipur,122737,119418,1897,0,1341594
2021-10-17,Madhya Pradesh,792684,782077,10523,0,19509181
2021-10-17,Mizoram,112599,100829,383,0,1213322
2021-10-17,Nagaland,31611,29667,674,1022,386392
2021-10-17,Odisha,1035077,1022250,8338,0,21061157
2021-10-17,Punjab,602035,585264,16544,0,15008920
2021-10-17,Puducherry,127396,124961,1850,0,1872784
2021-10-17,Rajasthan,954390,945394,8954,0,14617381
2021-10-17,Sikkim,31749,30866,391,318,255386
2021-10-17,Telangana,668955,661093,3938,0,27022157
2021-10-17,Tamil Nadu,2687092,2636379,35899,0,49411816
2021-10-17,Tripura,84302,83326,813,63,1944491
2021-10-17,India,34081051,33431718,452321,13127,591924874
2021-10-17,Uttar Pradesh,1710028,1687011,22898,0,81382986
2021-10-17,Uttarakhand,343756,330054,7397,6127,7625367
2021-10-17,West Bengal,1580530,1554132,18977,0,18677183
2021-10-18,Andaman and Nicobar Islands,7642,7506,129,0,580274
2021-10-18,Andhra Pradesh,2060804,2040782,14313,0,29016065
2021-10-18,Arunachal Pradesh,55014,54589,280,0,1173839
2021-10-18,Assam,606766,597348,5957,1347,24202721
2021-10-18,Bihar,726028,716323,9661,1,48315314
2021-10-18,Chandigarh,65306,64462,820,0,771820
2021-10-18,Chhattisgarh,1005681,991922,13570,0,13448038
2021-10-18,Delhi,1439405,1414018,25089,0,28697767
2021-10-18,Dadra and Nagar Haveli and Daman and Diu,10679,10640,4,31,72410
2021-10-18,Goa,177579,173629,3350,0,1426583
2021-10-18,Gujarat,826308,816029,10086,0,30321269
2021-10-18,Himachal Pradesh,221604,216608,3709,17,3581230
2021-10-18,Haryana,771092,760917,10049,0,12767147
2021-10-18,Jharkhand,348444,343184,5135,0,15483404
2021-10-18,Jammu and Kashmir,331137,325893,4428,0,15714258
2021-10-18,Karnataka,2983673,2936527,37953,29,49489011
2021-10-18,Kerala,4860997,4750293,26925,529,36871308
2021-10-18,Ladakh,20881,20639,208,0,550094
2021-10-18,Lakshadweep,10365,10270,51,44,260871
2021-10-18,Maharashtra,6593182,6421756,139816,3602,61116353
2021-10-18,Meghalaya,83014,80799,1438,0,1123290
2021-10-18,Manipur,122804,119524,1897,0,1343052
2021-10-18,Madhya Pradesh,792690,782086,10523,0,19557748
2021-10-18,Mizoram,112848,102036,388,0,1215786
2021-10-18,Nagaland,31627,29676,675,1024,386994
2021-10-18,Odisha,1035417,1022780,8343,0,21118450
2021-10-18,Punjab,602059,585296,16544,0,15024348
2021-10-18,Puducherry,127424,125051,1850,0,1876630
2021-10-18,Rajasthan,954392,945395,8954,0,14623014
2021-10-18,Sikkim,31756,30882,391,318,255603
2021-10-18,Telangana,669163,661294,3940,0,27067575
2021-10-18,Tamil Nadu,2688284,2637802,35912,0,49538602
2021-10-18,Tripura,84318,83338,813,63,1945777
2021-10-18,India,34093390,33451178,452485,13133,593106188
2021-10-18,Uttar Pradesh,1710028,1687011,22898,0,81522640
2021-10-18,Uttarakhand,343759,330058,7397,6128,7635444
2021-10-18,West Bengal,1581220,1554815,18989,0,18700202
2021-10-19,Andaman and Nicobar Islands,7646,7509,129,0,581843
2021-10-19,Andhra Pradesh,2061287,2041316,14317,0,29056256
2021-10-19,Arunachal Pradesh,55031,54606,280,0,1175688
2021-10-19,Assam,607119,597577,5957,1347,24242375
2021-10-19,Bihar,726033,716330,9661,1,48441141
2021-10-19,Chandigarh,65310,64465,820,0,773561
2021-10-19,Chhattisgarh,1005701,991943,13570,0,13462243
2021-10-19,Delhi,1439441,1414029,25090,0,28756046
2021-10-19,Dadra and Nagar Haveli and Daman and Diu,10679,10640,4,31,72410
2021-10-19,Goa,177659,173685,3354,0,1430772
2021-10-19,Gujarat,826326,816055,10086,0,30358522
2021-10-19,Himachal Pradesh,221826,216750,3711,17,3589672
2021-10-19,Haryana,771101,760926,10049,0,12787433
2021-10-19,Jharkhand,348461,343198,5135,0,15521299
2021-10-19,Jammu and Kashmir,331221,325990,4428,0,15752720
2021-10-19,Karnataka,2984022,2936926,37967,29,49574033
2021-10-19,Kerala,4868640,4760781,27002,529,36953716
2021-10-19,Ladakh,20883,20641,208,0,550681
2021-10-19,Lakshadweep,10365,10270,51,44,260352
2021-10-19,Maharashtra,6594820,6424547,139865,3603,61248820
2021-10-19,Meghalaya,83079,80900,1439,0,1126461
2021-10-19,Manipur,122899,119640,1901,0,1345540
2021-10-19,Madhya Pradesh,792700,782098,10523,0,19617747
2021-10-19,Mizoram,113801,103305,392,0,1225486
2021-10-19,Nagaland,31641,29693,676,1025,387814
2021-10-19,Odisha,1035973,1023398,8347,0,21175476
2021-10-19,Punjab,602081,585316,16549,0,15054250
2021-10-19,Puducherry,127479,125137,1852,0,1880847
2021-10-19,Rajasthan,954392,945400,8954,0,14640255
2021-10-19,Sikkim,31783,30892,392,318,256140
2021-10-19,Telangana,669365,661484,3941,0,27114383
2021-10-19,Tamil Nadu,2689463,2639209,35928,0,49663451
2021-10-19,Tripura,84340,83351,813,63,1948938
2021-10-19,India,34108325,33470623,452684,13135,594429890
2021-10-19,Uttar Pradesh,1710047,1687031,22898,0,81649962
2021-10-19,Uttarakhand,343765,330065,7397,6128,7644446
2021-10-19,West Bengal,1581946,1555520,18998,0,18733414
2021-10-20,Andaman and Nicobar Islands,7646,7510,129,0,583314
2021-10-20,Andhra Pradesh,2061810,2041924,14320,0,29100342
2021-10-20,Arunachal Pradesh,55043,54625,280,0,1177033
2021-10-20,Assam,607427,597859,5958,1347,24282029
2021-10-20,Bihar,726036,716345,9661,1,48579142
2021-10-20,Chandigarh,65312,64468,820,0,775259
2021-10-20,Chhattisgarh,1005735,991979,13571,0,13484118
2021-10-20,Delhi,1439466,1414066,25090,0,28812339
2021-10-20,Dadra and Nagar Haveli and Daman and Diu,10679,10642,4,31,72410
2021-10-20,Goa,177706,173755,3354,0,1435769
2021-10-20,Gujarat,826340,816077,10087,0,30402765
2021-10-20,Himachal Pradesh,221936,216814,3711,17,3593910
2021-10-20,Haryana,771116,760934,10049,0,12808005
2021-10-20,Jharkhand,348486,343209,5135,0,15521299
2021-10-20,Jammu and Kashmir,331299,326070,4429,0,15789527
2021-10-20,Karnataka,2984484,2937405,37976,29,49690154
2021-10-20,Kerala,4879790,4769373,27084,529,37047867
2021-10-20,Ladakh,20886,20644,208,0,551504
2021-10-20,Lakshadweep,10365,10270,51,44,260731
2021-10-20,Maharashtra,6596645,6427426,139886,3605,61370390
2021-10-20,Meghalaya,83158,80958,1439,0,1129283
2021-10-20,Manipur,122970,119706,1904,0,1347621
2021-10-20,Madhya Pradesh,792709,782104,10523,0,19670377
2021-10-20,Mizoram,114466,104548,395,0,1226151
2021-10-20,Nagaland,31659,29702,676,1026,388526
2021-10-20,Odisha,1036532,1023849,8349,0,21246062
2021-10-20,Punjab,602113,585331,16550,0,15086396
2021-10-20,Puducherry,127521,125208,1852,0,1884912
2021-10-20,Rajasthan,954393,945401,8954,0,14649080
2021-10-20,Sikkim,31800,30914,393,318,256663
2021-10-20,Telangana,669556,661646,3942,0,27156065
2021-10-20,Tamil Nadu,2690633,2640627,35948,0,49792210
2021-10-20,Tripura,84346,83368,813,63,1950686
2021-10-20,India,34126707,33488191,452844,13138,595742218
2021-10-20,Uttar Pradesh,1710058,1687048,22898,0,81649962
2021-10-20,Uttarakhand,343773,330071,7398,6128,7651916
2021-10-20,West Bengal,1582813,1556315,19007,0,18769087
2021-10-21,Andaman and Nicobar Islands,7646,7510,129,0,584772
2021-10-21,Andhra Pradesh,2062303,2042476,14327,0,29142162
2021-10-21,Arunachal Pradesh,55065,54645,280,0,1178328
2021-10-21,Assam,607811,598087,5962,1347,24344565
2021-10-21,Bihar,726042,716351,9661,1,48725005
2021-10-21,Chandigarh,65315,64469,820,0,777076
2021-10-21,Chhattisgarh,1005773,991995,13572,0,13506346
2021-10-21,Delhi,1439488,1414087,25090,0,28854902
2021-10-21,Dadra and Nagar Haveli and Daman and Diu,10681,10642,4,31,72410
2021-10-21,Goa,177765,173790,3357,0,1439828
2021-10-21,Gujarat,826353,816110,10087,0,30457804
2021-10-21,Himachal Pradesh,222138,216954,3715,17,3601015
2021-10-21,Haryana,771125,760945,10049,0,12821915
2021-10-21,Jharkhand,348526,343225,5135,0,15521299
2021-10-21,Jammu and Kashmir,331386,326143,4429,0,15833125
2021-10-21,Karnataka,2984849,2937848,37984,29,49807867
2021-10-21,Kerala,4888523,4779228,27202,529,37134170
2021-10-21,Ladakh,20896,20645,208,0,552127
2021-10-21,Lakshadweep,10365,10270,51,44,261103
2021-10-21,Maharashtra,6598218,6430394,139925,3607,61494090
2021-10-21,Meghalaya,83210,81034,1441,0,1131468
2021-10-21,Manipur,123051,119800,1905,0,1349383
2021-10-21,Madhya Pradesh,792721,782110,10523,0,19722437
2021-10-21,Mizoram,115207,105510,400,0,1234415
2021-10-21,Nagaland,31670,29717,677,1026,389226
2021-10-21,Odisha,1037056,1024422,8351,0,21314981
2021-10-21,Punjab,602135,585358,16551,0,15105691
2021-10-21,Puducherry,127564,125258,1852,0,1887865
2021-10-21,Rajasthan,954395,945405,8954,0,14666901
2021-10-21,Sikkim,31819,30923,393,318,257028
2021-10-21,Telangana,669739,661829,3943,0,27197428
2021-10-21,Tamil Nadu,2691797,2642039,35968,0,49922030
2021-10-21,Tripura,84348,83377,813,63,1951997
2021-10-21,India,34142481,33506833,453076,13140,597066481
2021-10-21,Uttar Pradesh,1710068,1687062,22899,0,81967101
2021-10-21,Uttarakhand,343787,330085,7398,6128,7663757
2021-10-21,West Bengal,1583646,1557090,19021,0,18802105
2021-10-22,Andaman and Nicobar Islands,7646,7511,129,0,586240
2021-10-22,Andhra Pradesh,2062781,2043050,14333,0,29185656
2021-10-22,Arunachal Pradesh,55075,54654,280,0,1179267
2021-10-22,Assam,608126,598296,5964,1347,24383464
2021-10-22,Bihar,726045,716354,9661,1,48863071
2021-10-22,Chandigarh,65320,64472,820,0,778861
2021-10-22,Chhattisgarh,1005799,992013,13572,0,13528422
2021-10-22,Delhi,1439526,1414095,25091,0,28910811
2021-10-22,Dadra and Nagar Haveli and Daman and Diu,10681,10642,4,31,72410
2021-10-22,Goa,177819,173862,3357,0,1443383
2021-10-22,Gujarat,826378,816126,10087,0,30514147
2021-10-22,Himachal Pradesh,222312,217095,3717,17,3610545
2021-10-22,Haryana,771133,760962,10049,0,12844130
2021-10-22,Jharkhand,348562,343244,5135,0,15521299
2021-10-22,Jammu and Kashmir,331494,326195,4429,0,15876555
2021-10-22,Karnataka,2985227,2938312,37995,29,49910988
2021-10-22,Kerala,4897884,4788629,27765,529,37214563
2021-10-22,Ladakh,20896,20648,208,0,552601
2021-10-22,Lakshadweep,10365,10270,51,44,261525
2021-10-22,Maharashtra,6599850,6432138,139965,3609,61626299
2021-10-22,Meghalaya,83269,81128,1443,0,1133602
2021-10-22,Manipur,123107,120294,1907,0,1351047
2021-10-22,Madhya Pradesh,792729,782126,10523,0,19782872
2021-10-22,Mizoram,115944,106653,400,0,1242248
2021-10-22,Nagaland,31689,29738,678,1028,389777
2021-10-22,Odisha,1037523,1025025,8354,0,21381849
2021-10-22,Punjab,602163,585382,16551,0,15138673
2021-10-22,Puducherry,127621,125314,1853,0,1890991
2021-10-22,Rajasthan,954396,945410,8954,0,14684727
2021-10-22,Sikkim,31842,30947,393,319,257555
2021-10-22,Telangana,669932,662025,3944,0,27239795
2021-10-22,Tamil Nadu,2692949,2643431,35987,0,50051603
2021-10-22,Tripura,84366,83385,813,63,1955216
2021-10-22,India,34158808,33524469,453742,13153,598431162
2021-10-22,Uttar Pradesh,1710068,1687062,22899,0,82145330
2021-10-22,Uttarakhand,343799,330099,7398,6136,7675527
2021-10-22,West Bengal,1584492,1557882,19033,0,18842408
2021-10-23,Andaman and Nicobar Islands,7648,7511,129,0,587939
2021-10-23,Andhra Pradesh,2063177,2043616,14339,0,29226511
2021-10-23,Arunachal Pradesh,55089,54667,280,0,1180263
2021-10-23,Assam,608450,598515,5967,1347,24423232
2021-10-23,Bihar,726054,716357,9661,1,49004812
2021-10-23,Chandigarh,65321,64474,820,0,780476
2021-10-23,Chhattisgarh,1005827,992025,13572,0,13549434
2021-10-23,Delhi,1439566,1414141,25091,0,28971963
2021-10-23,Dadra and Nagar Haveli and Daman and Diu,10681,10642,4,31,72410
2021-10-23,Goa,177852,173920,3358,0,1446807
2021-10-23,Gujarat,826402,816147,10087,0,30567173
2021-10-23,Himachal Pradesh,222569,217256,3718,17,3619237
2021-10-23,Haryana,771141,760977,10049,0,12865337
2021-10-23,Jharkhand,348592,343255,5135,0,15521299
2021-10-23,Jammu and Kashmir,331566,326275,4429,0,15914050
2021-10-23,Karnataka,2985598,2938653,38002,29,50031061
2021-10-23,Kerala,4906793,4797409,28229,529,37300674
2021-10-23,Ladakh,20899,20653,208,0,552920
2021-10-23,Lakshadweep,10365,10270,51,44,261873
2021-10-23,Maharashtra,6601551,6433919,139998,3612,61762963
2021-10-23,Meghalaya,83322,81184,1443,0,1135780
2021-10-23,Manipur,123229,120361,1907,0,1353122
2021-10-23,Madhya Pradesh,792740,782138,10523,0,19782872
2021-10-23,Mizoram,116689,107911,405,0,1249566
2021-10-23,Nagaland,31707,29748,679,1030,390454
2021-10-23,Odisha,1037964,1025507,8358,0,21451263
2021-10-23,Punjab,602189,585407,16551,0,15173383
2021-10-23,Puducherry,127674,125362,1855,0,1894509
2021-10-23,Rajasthan,954400,945414,8954,0,14700577
2021-10-23,Sikkim,31868,30960,394,319,258000
2021-10-23,Telangana,670139,662209,3946,0,27281903
2021-10-23,Tamil Nadu,2694089,2644805,36004,0,50176761
2021-10-23,Tripura,84373,83399,813,63,1957787
2021-10-23,India,34174887,33540978,454301,13158,599771320
2021-10-23,Uttar Pradesh,1710082,1687089,22899,0,82319489
2021-10-23,Uttarakhand,343815,330112,7398,6136,7687894
2021-10-23,West Bengal,1585466,1558690,19045,0,18885567
2021-10-24,Andaman and Nicobar Islands,7648,7513,129,0,589097
2021-10-24,Andhra Pradesh,2063577,2044132,14343,0,29264255
2021-10-24,Arunachal Pradesh,55089,54677,280,0,1180648
2021-10-24,Assam,608589,598759,5973,1347,24442945
2021-10-24,Bihar,726058,716359,9661,1,49153285
2021-10-24,Chandigarh,65323,64475,820,0,782125
2021-10-24,Chhattisgarh,1005847,992056,13572,0,13562059
2021-10-24,Delhi,1439603,1414192,25091,0,29032667
2021-10-24,Dadra and Nagar Haveli and Daman and Diu,10681,10642,4,31,72410
2021-10-24,Goa,177886,173983,3358,0,1449373
2021-10-24,Gujarat,826418,816167,10087,0,30599574
2021-10-24,Himachal Pradesh,222569,217256,3718,17,3620659
2021-10-24,Haryana,771157,760981,10049,0,12884394
2021-10-24,Jharkhand,348627,343268,5135,0,15521299
2021-10-24,Jammu and Kashmir,331638,326343,4429,0,15947738
2021-10-24,Karnataka,2985986,2939239,38007,29,50148888
2021-10-24,Kerala,4915331,4808775,28592,529,37379774
2021-10-24,Ladakh,20904,20659,208,0,553093
2021-10-24,Lakshadweep,10365,10270,51,44,261916
2021-10-24,Maharashtra,6602961,6435439,140016,3612,61893695
2021-10-24,Meghalaya,83371,81286,1446,0,1137721
2021-10-24,Manipur,123292,120450,1911,0,1354886
2021-10-24,Madhya Pradesh,792749,782141,10523,0,19901016
2021-10-24,Mizoram,117261,108927,411,0,1255603
2021-10-24,Nagaland,31712,29760,679,1030,390810
2021-10-24,Odisha,1038411,1025917,8362,0,21520424
2021-10-24,Punjab,602209,585429,16551,0,15208301
2021-10-24,Puducherry,127735,125411,1857,0,1897965
2021-10-24,Rajasthan,954402,945417,8954,0,14712620
2021-10-24,Sikkim,31900,30987,394,319,258496
2021-10-24,Telangana,670274,662377,3947,0,27308745
2021-10-24,Tamil Nadu,2695216,2646163,36019,0,50300938
2021-10-24,Tripura,84381,83404,813,63,1961001
2021-10-24,India,34189541,33559586,454743,13160,600769717
2021-10-24,Uttar Pradesh,1710095,1687093,22899,0,82494486
2021-10-24,Uttarakhand,343821,330121,7399,6138,7697771
2021-10-24,West Bengal,1586455,1559518,19055,0,18928189
2021-10-25,Andaman and Nicobar Islands,7648,7514,129,0,590432
2021-10-25,Andhra Pradesh,2063872,2044692,14350,0,29291896
2021-10-25,Arunachal Pradesh,55105,54687,280,0,1181626
2021-10-25,Assam,608915,599055,5978,1347,24493198
2021-10-25,Bihar,726060,716363,9661,1,49266875
2021-10-25,Chandigarh,65325,64476,820,0,783583
2021-10-25,Chhattisgarh,1005872,992066,13572,0,13584411
2021-10-25,Delhi,1439630,1414232,25091,0,29079334
2021-10-25,Dadra and Nagar Haveli and Daman and Diu,10681,10642,4,31,72410
2021-10-25,Goa,177915,174042,3358,0,1452375
2021-10-25,Gujarat,826434,816187,10088,0,30638496
2021-10-25,Himachal Pradesh,222890,217495,3721,17,3629753
2021-10-25,Haryana,771174,760999,10049,0,12897183
2021-10-25,Jharkhand,348659,343329,5135,0,15521299
2021-10-25,Jammu and Kashmir,331698,326433,4430,0,15975291
2021-10-25,Karnataka,2986276,2939647,38017,29,50238852
2021-10-25,Kerala,4921995,4817785,28873,529,37440976
2021-10-25,Ladakh,20908,20663,208,0,553288
2021-10-25,Lakshadweep,10365,10270,51,44,262253
2021-10-25,Maharashtra,6603850,6437025,140028,3613,61978155
2021-10-25,Meghalaya,83384,81351,1446,0,1138734
2021-10-25,Manipur,123333,120534,1913,0,1356166
2021-10-25,Madhya Pradesh,792757,782150,10523,0,19947811
2021-10-25,Mizoram,117419,109702,412,0,1258216
2021-10-25,Nagaland,31726,29768,681,1030,391351
2021-10-25,Odisha,1038836,1026277,8365,0,21585133
2021-10-25,Punjab,602238,585448,16553,0,15221846
2021-10-25,Puducherry,127765,125454,1857,0,1900583
2021-10-25,Rajasthan,954403,945432,8954,0,14717261
2021-10-25,Sikkim,31904,31010,394,319,258704
2021-10-25,Telangana,670453,662481,3949,0,27347333
2021-10-25,Tamil Nadu,2696328,2647504,36033,0,50423638
2021-10-25,Tripura,84386,83412,813,63,1962755
2021-10-25,India,34201393,33575688,455100,13163,601901543
2021-10-25,Uttar Pradesh,1710097,1687101,22899,0,82643131
2021-10-25,Uttarakhand,343832,330137,7399,6140,7708051
2021-10-25,West Bengal,1587260,1560325,19066,0,18957289
2021-10-26,Andaman and Nicobar Islands,7648,7515,129,0,591576
2021-10-26,Andhra Pradesh,2064287,2045276,14356,0,29325840
2021-10-26,Arunachal Pradesh,55114,54697,280,0,1182441
2021-10-26,Assam,609262,599290,5981,1347,24535868
2021-10-26,Bihar,726068,716367,9661,1,49447986
2021-10-26,Chandigarh,65326,64479,820,0,784964
2021-10-26,Chhattisgarh,1005898,992076,13573,0,13608073
2021-10-26,Delhi,1439671,1414257,25091,0,29129536
2021-10-26,Dadra and Nagar Haveli and Daman and Diu,10681,10642,4,31,72410
2021-10-26,Goa,177946,174101,3362,0,1455309
2021-10-26,Gujarat,826464,816205,10088,0,30690456
2021-10-26,Himachal Pradesh,223145,217645,3723,16,3639799
2021-10-26,Haryana,771189,761012,10049,0,12919062
2021-10-26,Jharkhand,348677,343352,5135,0,15521299
2021-10-26,Jammu and Kashmir,331795,326510,4431,0,16010290
2021-10-26,Karnataka,2986553,2939990,38024,29,50314135
2021-10-26,Kerala,4929158,4824745,29355,529,37520098
2021-10-26,Ladakh,20917,20668,208,0,553576
2021-10-26,Lakshadweep,10365,10270,51,44,262570
2021-10-26,Maharashtra,6605051,6438395,140060,3615,62080203
2021-10-26,Meghalaya,83415,81440,1446,0,1141539
2021-10-26,Manipur,123403,120615,1915,0,1358295
2021-10-26,Madhya Pradesh,792784,782162,10523,0,20006707
2021-10-26,Mizoram,118209,110761,419,0,1266596
2021-10-26,Nagaland,31747,29807,681,1034,392218
2021-10-26,Odisha,1039269,1026774,8369,0,21647068
2021-10-26,Punjab,602251,585471,16554,0,15255962
2021-10-26,Puducherry,127806,125496,1857,0,1903705
2021-10-26,Rajasthan,954407,945433,8954,0,14735295
2021-10-26,Sikkim,31912,31022,395,319,259222
2021-10-26,Telangana,670643,662592,3950,0,27388721
2021-10-26,Tamil Nadu,2697418,2648830,36048,0,50544014
2021-10-26,Tripura,84402,83416,813,63,1966415
2021-10-26,India,34214892,33589700,455684,13172,603207505
2021-10-26,Uttar Pradesh,1710101,1687108,22899,0,82792074
2021-10-26,Uttarakhand,343844,330145,7399,6144,7719760
2021-10-26,West Bengal,1588066,1561136,19081,0,18995979
2021-10-27,Andaman and Nicobar Islands,7650,7516,129,0,592748
2021-10-27,Andhra Pradesh,2064854,2045713,14364,0,29365385
2021-10-27,Arunachal Pradesh,55120,54725,280,0,1183303
2021-10-27,Assam,609506,599681,5987,1347,24573704
2021-10-27,Bihar,726073,716371,9661,1,49654538
2021-10-27,Chandigarh,65331,64482,820,0,786778
2021-10-27,Chhattisgarh,1005926,992088,13575,0,13630678
2021-10-27,Delhi,1439709,1414270,25091,0,29189445
2021-10-27,Dadra and Nagar Haveli and Daman and Diu,10681,10642,4,31,72410
2021-10-27,Goa,177969,174152,3363,0,1458499
2021-10-27,Gujarat,826481,816220,10088,0,30740538
2021-10-27,Himachal Pradesh,223406,217693,3725,16,3651430
2021-10-27,Haryana,771204,761022,10049,0,12941257
2021-10-27,Jharkhand,348705,343408,5135,0,15521299
2021-10-27,Jammu and Kashmir,331865,326596,4431,0,16045284
2021-10-27,Karnataka,2986835,2940339,38037,29,50431486
2021-10-27,Kerala,4938603,4831468,29977,529,37602787
2021-10-27,Ladakh,20925,20670,208,0,553852
2021-10-27,Lakshadweep,10365,10270,51,44,262740
2021-10-27,Maharashtra,6606536,6443342,140098,3616,62202811
2021-10-27,Meghalaya,83466,81511,1448,0,1143680
2021-10-27,Manipur,123473,120712,1917,0,1360269
2021-10-27,Madhya Pradesh,792804,782172,10524,0,20064859
2021-10-27,Mizoram,118949,111752,424,0,1274708
2021-10-27,Nagaland,31759,29822,681,1034,392872
2021-10-27,Odisha,1039818,1027108,8371,0,21719159
2021-10-27,Punjab,602289,585487,16556,0,15291958
2021-10-27,Puducherry,127846,125546,1857,0,1907080
2021-10-27,Rajasthan,954411,945437,8954,0,14752007
2021-10-27,Sikkim,31925,31030,395,323,259826
2021-10-27,Telangana,670829,662714,3951,0,27430113
2021-10-27,Tamil Nadu,2698493,2650145,36060,0,50665567
2021-10-27,Tripura,84420,83422,813,63,1969992
2021-10-27,India,34231243,33606777,456418,13182,604498405
2021-10-27,Uttar Pradesh,1710114,1687115,22899,0,82965470
2021-10-27,Uttarakhand,343861,330163,7399,6149,7733194
2021-10-27,West Bengal,1589042,1561973,19096,0,19039301
2021-10-28,Andaman and Nicobar Islands,7651,7516,129,0,594049
2021-10-28,Andhra Pradesh,2065235,2046127,14365,0,29404281
2021-10-28,Arunachal Pradesh,55134,54739,280,0,1183878
2021-10-28,Assam,609828,600089,5989,1347,24613333
2021-10-28,Bihar,726079,716372,9661,1,49879683
2021-10-28,Chandigarh,65335,64486,820,0,788391
2021-10-28,Chhattisgarh,1005957,992097,13575,0,13654009
2021-10-28,Delhi,1439751,1414315,25091,0,29252619
2021-10-28,Dadra and Nagar Haveli and Daman and Diu,10681,10642,4,31,72410
2021-10-28,Goa,178016,174216,3363,0,1460982
2021-10-28,Gujarat,826504,816232,10088,0,30792214
2021-10-28,Himachal Pradesh,223619,217918,3729,16,3661951
2021-10-28,Haryana,771217,761035,10049,0,12965312
2021-10-28,Jharkhand,348720,343429,5137,0,15521299
2021-10-28,Jammu and Kashmir,331963,326668,4432,0,16084751
2021-10-28,Karnataka,2987313,2940673,38054,29,50544638
2021-10-28,Kerala,4946341,4836928,30685,529,37678830
2021-10-28,Ladakh,20930,20673,208,0,554245
2021-10-28,Lakshadweep,10365,10270,51,44,262973
2021-10-28,Maharashtra,6607954,6445454,140134,3618,62316910
2021-10-28,Meghalaya,83527,81562,1449,0,1145897
2021-10-28,Manipur,123526,120766,1918,0,1362098
2021-10-28,Madhya Pradesh,792823,782184,10524,0,20123362
2021-10-28,Mizoram,119496,112600,425,0,1281539
2021-10-28,Nagaland,31772,29844,684,1034,393494
2021-10-28,Odisha,1040230,1027654,8375,0,21789353
2021-10-28,Punjab,602320,585514,16556,0,15326640
2021-10-28,Puducherry,127891,125581,1857,0,1910694
2021-10-28,Rajasthan,954418,945438,8954,0,14763567
2021-10-28,Sikkim,31939,31041,395,325,260236
2021-10-28,Telangana,671000,662922,3952,0,27468486
2021-10-28,Tamil Nadu,2699554,2651431,36072,0,50788402
2021-10-28,Tripura,84435,83436,813,63,1973180
2021-10-28,India,34245550,33619966,457223,13187,605885769
2021-10-28,Uttar Pradesh,1710125,1687123,22900,0,83129251
2021-10-28,Uttarakhand,343869,330173,7400,6150,7747261
2021-10-28,West Bengal,1590032,1562818,19105,0,19084738
2021-10-29,Andaman and Nicobar Islands,7651,7517,129,0,595397
2021-10-29,Andhra Pradesh,2065716,2046512,14367,0,29443885
2021-10-29,Arunachal Pradesh,55143,54755,280,0,1184494
2021-10-29,Assam,610150,600367,5992,1347,24657174
2021-10-29,Bihar,726085,716379,9661,1,50079917
2021-10-29,Chandigarh,65340,64490,820,0,789973
2021-10-29,Chhattisgarh,1005985,992110,13575,0,13676638
2021-10-29,Delhi,1439788,1414363,25091,0,29311912
2021-10-29,Dadra and Nagar Haveli and Daman and Diu,10681,10642,4,31,72410
2021-10-29,Goa,178063,174289,3363,0,1463383
2021-10-29,Gujarat,826526,816246,10088,0,30844692
2021-10-29,Himachal Pradesh,223876,218150,3732,16,3671855
2021-10-29,Haryana,771229,761047,10049,0,12988416
2021-10-29,Jharkhand,348736,343505,5138,0,15915243
2021-10-29,Jammu and Kashmir,332053,326749,4432,0,16124429
2021-10-29,Karnataka,2987694,2940978,38061,29,50657296
2021-10-29,Kerala,4954063,4843576,31156,529,37750511
2021-10-29,Ladakh,20941,20675,208,0,554593
2021-10-29,Lakshadweep,10365,10270,51,44,263218
2021-10-29,Maharashtra,6609292,6447038,140170,3619,62439900
2021-10-29,Meghalaya,83559,81628,1449,0,1147929
2021-10-29,Manipur,123609,120819,1919,0,1364162
2021-10-29,Madhya Pradesh,792832,782195,10524,0,20181418
2021-10-29,Mizoram,120088,113246,427,0,1288153
2021-10-29,Nagaland,31811,29864,684,1041,394177
2021-10-29,Odisha,1040595,1028207,8378,0,21855963
2021-10-29,Punjab,602349,585539,16557,0,15361510
2021-10-29,Puducherry,127936,125633,1857,0,1913612
2021-10-29,Rajasthan,954424,945440,8954,0,14780677
2021-10-29,Sikkim,31948,31052,395,325,260575
2021-10-29,Telangana,671174,663124,3954,0,27506928
2021-10-29,Tamil Nadu,2700593,2652660,36083,0,50911486
2021-10-29,Tripura,84446,83456,813,63,1976392
2021-10-29,India,34259765,33633515,457774,13195,607062619
2021-10-29,Uttar Pradesh,1710134,1687136,22900,0,83309472
2021-10-29,Uttarakhand,343876,330180,7400,6150,7759881
2021-10-29,West Bengal,1591014,1563678,19113,0,19133755
2021-10-30,Andaman and Nicobar Islands,7651,7518,129,0,596657
2021-10-30,Andhra Pradesh,2066065,2047047,14369,0,29478939
2021-10-30,Arunachal Pradesh,55154,54765,280,0,1185102
2021-10-30,Assam,610433,600738,5996,1347,24696982
2021-10-30,Bihar,726090,716381,9661,1,50305381
2021-10-30,Chandigarh,65346,64492,820,0,791448
2021-10-30,Chhattisgarh,1006020,992127,13576,0,13697641
2021-10-30,Delhi,1439825,1414385,25091,0,29371002
2021-10-30,Dadra and Nagar Haveli and Daman and Diu,10681,10643,4,31,72410
2021-10-30,Goa,178085,174339,3364,0,1466038
2021-10-30,Gujarat,826557,816260,10089,0,30893781
2021-10-30,Himachal Pradesh,224021,218212,3737,16,3681398
2021-10-30,Haryana,771241,761058,10049,0,13011916
2021-10-30,Jharkhand,348754,343510,5138,0,15954640
2021-10-30,Jammu and Kashmir,332154,326836,4432,0,16163431
2021-10-30,Karnataka,2988041,2941233,38071,29,50766164
2021-10-30,Kerala,4961490,4850742,31514,529,37821220
2021-10-30,Ladakh,20951,20678,208,0,555180
2021-10-30,Lakshadweep,10365,10270,51,44,263510
2021-10-30,Maharashtra,6609906,6449186,140196,3619,62559171
2021-10-30,Meghalaya,83605,81695,1449,0,1150106
2021-10-30,Manipur,123668,121040,1920,0,1365984
2021-10-30,Madhya Pradesh,792838,782207,10524,0,20238857
2021-10-30,Mizoram,120780,114002,430,0,1292499
2021-10-30,Nagaland,31831,29883,684,1042,394948
2021-10-30,Odisha,1040969,1028697,8382,0,21924668
2021-10-30,Punjab,602375,585566,16558,0,15395263
2021-10-30,Puducherry,127975,125681,1857,0,1916398
2021-10-30,Rajasthan,954427,945441,8954,0,14794298
2021-10-30,Sikkim,31958,31055,395,325,260954
2021-10-30,Telangana,671342,663315,3955,0,27544810
2021-10-30,Tamil Nadu,2701614,2653832,36097,0,51035541
2021-10-30,Tripura,84456,83464,813,63,1979626
2021-10-30,India,34272705,33648187,458219,13196,608319915
2021-10-30,Uttar Pradesh,1710152,1687145,22900,0,83473764
2021-10-30,Uttarakhand,343891,330186,7400,6150,7771624
2021-10-30,West Bengal,1591994,1564558,19126,0,19180886
2021-10-31,Andaman and Nicobar Islands,7651,7518,129,0,598033
2021-10-31,Andhra Pradesh,2066450,2047722,14373,0,29518787
2021-10-31,Arunachal Pradesh,55155,54774,280,0,1185436
2021-10-31,Assam,610645,600974,5997,1347,24712042
2021-10-31,Bihar,726098,716390,9661,1,50531824
2021-10-31,Chandigarh,65351,64495,820,0,792851
2021-10-31,Chhattisgarh,1006052,992159,13577,0,13709510
2021-10-31,Delhi,1439870,1414431,25091,0,29427753
2021-10-31,Dadra and Nagar Haveli and Daman and Diu,10681,10644,4,31,72410
2021-10-31,Goa,178108,174392,3364,0,1468399
2021-10-31,Gujarat,826577,816283,10089,0,30928063
2021-10-31,Himachal Pradesh,224106,218410,3738,16,3685011
2021-10-31,Haryana,771252,761068,10049,0,13032504
2021-10-31,Jharkhand,348764,343518,5138,0,15985878
2021-10-31,Jammu and Kashmir,332249,326915,4432,0,16202346
2021-10-31,Karnataka,2988333,2941578,38082,29,50873103
2021-10-31,Kerala,4968657,4857181,31681,529,37886378
2021-10-31,Ladakh,20962,20687,208,0,555568
2021-10-31,Lakshadweep,10365,10270,51,44,263541
2021-10-31,Maharashtra,6611078,6450585,140216,3619,62667211
2021-10-31,Meghalaya,83627,81746,1450,0,1151665
2021-10-31,Manipur,123731,121102,1921,0,1367673
2021-10-31,Madhya Pradesh,792854,782215,10524,0,20294225
2021-10-31,Mizoram,121359,114612,432,0,1298444
2021-10-31,Nagaland,31842,29904,685,1043,395416
2021-10-31,Odisha,1041457,1029147,8386,0,21994343
2021-10-31,Punjab,602401,585591,16559,0,15429415
2021-10-31,Puducherry,128013,125726,1857,0,1919060
2021-10-31,Rajasthan,954429,945443,8954,0,14807752
2021-10-31,Sikkim,31979,31063,396,325,261343
2021-10-31,Telangana,671463,663498,3956,0,27569831
2021-10-31,Tamil Nadu,2702623,2655015,36116,0,51159242
2021-10-31,Tripura,84468,83466,813,63,1983127
2021-10-31,India,34285612,33661339,458470,13197,609201294
2021-10-31,Uttar Pradesh,1710158,1687151,22900,0,83635222
2021-10-31,Uttarakhand,343896,330195,7400,6150,7781148
2021-10-31,West Bengal,1592908,1565471,19141,0,19228303
